{
  "IcoMoonType": "selection",
  "icons": [
    {
      "icon": {
        "paths": [
          "M896 426.667c0 298.667-384 554.667-384 554.667s-384-256-384-554.667c0-101.843 40.457-199.515 112.471-271.529s169.686-112.471 271.529-112.471c101.842 0 199.515 40.457 271.531 112.471 72.010 72.014 112.469 169.686 112.469 271.529z",
          "M512 554.667c70.69 0 128-57.308 128-128s-57.31-128-128-128c-70.692 0-128 57.308-128 128s57.308 128 128 128z"
        ],
        "attrs": [
          {
            "fill": "none",
            "strokeLinejoin": "round",
            "strokeLinecap": "round",
            "strokeMiterlimit": "4",
            "strokeWidth": 85.33333333333333
          },
          {
            "fill": "none",
            "strokeLinejoin": "round",
            "strokeLinecap": "round",
            "strokeMiterlimit": "4",
            "strokeWidth": 85.33333333333333
          }
        ],
        "isMulticolor": false,
        "isMulticolor2": false,
        "grid": 0,
        "tags": [
          "map-pin"
        ]
      },
      "attrs": [
        {
          "fill": "none",
          "strokeLinejoin": "round",
          "strokeLinecap": "round",
          "strokeMiterlimit": "4",
          "strokeWidth": 85.33333333333333
        },
        {
          "fill": "none",
          "strokeLinejoin": "round",
          "strokeLinecap": "round",
          "strokeMiterlimit": "4",
          "strokeWidth": 85.33333333333333
        }
      ],
      "properties": {
        "order": 28,
        "id": 5,
        "name": "map-pin",
        "prevSize": 32
      },
      "setIdx": 0,
      "setId": 4,
      "iconIdx": 0
    },
    {
      "icon": {
        "paths": [
          "M213.278 512h597.332"
        ],
        "attrs": [
          {
            "fill": "none",
            "strokeLinejoin": "round",
            "strokeLinecap": "round",
            "strokeMiterlimit": "4",
            "strokeWidth": 102.39999999999999
          }
        ],
        "isMulticolor": false,
        "isMulticolor2": false,
        "grid": 0,
        "tags": [
          "minus"
        ]
      },
      "attrs": [
        {
          "fill": "none",
          "strokeLinejoin": "round",
          "strokeLinecap": "round",
          "strokeMiterlimit": "4",
          "strokeWidth": 102.39999999999999
        }
      ],
      "properties": {
        "order": 29,
        "id": 4,
        "name": "minus",
        "prevSize": 32
      },
      "setIdx": 0,
      "setId": 4,
      "iconIdx": 1
    },
    {
      "icon": {
        "paths": [
          "M938.559 721.926v128c0.051 11.878-2.384 23.643-7.145 34.532s-11.742 20.662-20.497 28.695c-8.755 8.033-19.098 14.148-30.35 17.954-11.258 3.806-23.188 5.222-35.021 4.153-131.294-14.268-257.405-59.13-368.212-130.987-103.090-65.508-190.492-152.912-256-256.002-72.108-111.308-116.982-238.037-130.987-369.92-1.066-11.799 0.336-23.69 4.117-34.917s9.859-21.544 17.846-30.293c7.987-8.75 17.708-15.741 28.545-20.527s22.551-7.264 34.398-7.276h128c20.706-0.204 40.78 7.129 56.48 20.631s25.955 32.253 28.853 52.756c5.403 40.963 15.422 81.183 29.867 119.893 5.741 15.272 6.983 31.869 3.58 47.824s-11.308 30.602-22.78 42.202l-54.187 54.187c60.739 106.818 149.182 195.261 255.999 256.002l54.187-54.187c11.6-11.474 26.249-19.376 42.206-22.784 15.952-3.402 32.552-2.156 47.821 3.584 38.713 14.444 78.933 24.462 119.893 29.867 20.725 2.924 39.657 13.363 53.185 29.332 13.534 15.969 20.719 36.358 20.201 57.281z"
        ],
        "attrs": [
          {
            "fill": "none",
            "strokeLinejoin": "round",
            "strokeLinecap": "round",
            "strokeMiterlimit": "4",
            "strokeWidth": 85.33333333333333
          }
        ],
        "isMulticolor": false,
        "isMulticolor2": false,
        "grid": 0,
        "tags": [
          "phone"
        ]
      },
      "attrs": [
        {
          "fill": "none",
          "strokeLinejoin": "round",
          "strokeLinecap": "round",
          "strokeMiterlimit": "4",
          "strokeWidth": 85.33333333333333
        }
      ],
      "properties": {
        "order": 30,
        "id": 3,
        "name": "phone",
        "prevSize": 32
      },
      "setIdx": 0,
      "setId": 4,
      "iconIdx": 2
    },
    {
      "icon": {
        "paths": [
          "M512 213.333v597.333",
          "M213.278 512h597.332"
        ],
        "attrs": [
          {
            "fill": "none",
            "strokeLinejoin": "round",
            "strokeLinecap": "round",
            "strokeMiterlimit": "4",
            "strokeWidth": 102.39999999999999
          },
          {
            "fill": "none",
            "strokeLinejoin": "round",
            "strokeLinecap": "round",
            "strokeMiterlimit": "4",
            "strokeWidth": 102.39999999999999
          }
        ],
        "isMulticolor": false,
        "isMulticolor2": false,
        "grid": 0,
        "tags": [
          "plus"
        ]
      },
      "attrs": [
        {
          "fill": "none",
          "strokeLinejoin": "round",
          "strokeLinecap": "round",
          "strokeMiterlimit": "4",
          "strokeWidth": 102.39999999999999
        },
        {
          "fill": "none",
          "strokeLinejoin": "round",
          "strokeLinecap": "round",
          "strokeMiterlimit": "4",
          "strokeWidth": 102.39999999999999
        }
      ],
      "properties": {
        "order": 31,
        "id": 2,
        "name": "plus",
        "prevSize": 32
      },
      "setIdx": 0,
      "setId": 4,
      "iconIdx": 3
    },
    {
      "icon": {
        "paths": [
          "M384.166 938.643c23.564 0 42.667-19.098 42.667-42.662s-19.103-42.669-42.667-42.669c-23.564 0-42.666 19.104-42.666 42.669s19.102 42.662 42.666 42.662z",
          "M853.165 938.643c23.565 0 42.669-19.098 42.669-42.662s-19.104-42.669-42.669-42.669c-23.565 0-42.662 19.104-42.662 42.669s19.098 42.662 42.662 42.662z",
          "M42.5 42.687h170.667l114.347 571.307c3.901 19.644 14.588 37.289 30.188 49.846s35.121 19.232 55.145 18.848h414.718c20.026 0.384 39.546-6.291 55.149-18.848 15.597-12.557 26.285-30.202 30.189-49.846l68.262-357.973h-725.331"
        ],
        "attrs": [
          {
            "fill": "none",
            "strokeLinejoin": "round",
            "strokeLinecap": "round",
            "strokeMiterlimit": "4",
            "strokeWidth": 96
          },
          {
            "fill": "none",
            "strokeLinejoin": "round",
            "strokeLinecap": "round",
            "strokeMiterlimit": "4",
            "strokeWidth": 96
          },
          {
            "fill": "none",
            "strokeLinejoin": "round",
            "strokeLinecap": "round",
            "strokeMiterlimit": "4",
            "strokeWidth": 96
          }
        ],
        "isMulticolor": false,
        "isMulticolor2": false,
        "grid": 0,
        "tags": [
          "shopping-cart"
        ]
      },
      "attrs": [
        {
          "fill": "none",
          "strokeLinejoin": "round",
          "strokeLinecap": "round",
          "strokeMiterlimit": "4",
          "strokeWidth": 96
        },
        {
          "fill": "none",
          "strokeLinejoin": "round",
          "strokeLinecap": "round",
          "strokeMiterlimit": "4",
          "strokeWidth": 96
        },
        {
          "fill": "none",
          "strokeLinejoin": "round",
          "strokeLinecap": "round",
          "strokeMiterlimit": "4",
          "strokeWidth": 96
        }
      ],
      "properties": {
        "order": 32,
        "id": 1,
        "name": "shopping-cart",
        "prevSize": 32
      },
      "setIdx": 0,
      "setId": 4,
      "iconIdx": 4
    },
    {
      "icon": {
        "paths": [
          "M396.813 332.61l115.187-218.319 115.187 218.319c10.187 19.307 28.756 32.796 50.26 36.518l243.232 42.084-172.038 177.014c-15.213 15.654-22.31 37.48-19.2 59.087l35.136 244.328-221.512-108.915c-19.589-9.638-42.538-9.638-62.127 0l-221.514 108.915 35.137-244.328c3.107-21.607-3.985-43.433-19.199-59.087l-172.040-177.014 243.229-42.084c21.51-3.722 40.076-17.211 50.262-36.518z"
        ],
        "attrs": [
          {
            "strokeLinejoin": "miter",
            "strokeLinecap": "butt",
            "strokeMiterlimit": "4",
            "strokeWidth": 76.8
          }
        ],
        "isMulticolor": false,
        "isMulticolor2": false,
        "grid": 0,
        "tags": [
          "star_1"
        ]
      },
      "attrs": [
        {
          "strokeLinejoin": "miter",
          "strokeLinecap": "butt",
          "strokeMiterlimit": "4",
          "strokeWidth": 76.8
        }
      ],
      "properties": {
        "order": 33,
        "id": 0,
        "name": "star_1",
        "prevSize": 32
      },
      "setIdx": 0,
      "setId": 4,
      "iconIdx": 5
    }
  ],
  "height": 1024,
  "preferences": {
    "showGlyphs": true,
    "showQuickUse": true,
    "showQuickUse2": true,
    "showSVGs": true,
    "fontPref": {
      "prefix": "icon-",
      "metadata": {
        "fontFamily": "icomoon"
      },
      "metrics": {
        "emSize": 1024,
        "baseline": 6.25,
        "whitespace": 50
      },
      "embed": false
    },
    "imagePref": {
      "prefix": "icon-",
      "png": true,
      "useClassSelector": true,
      "color": 0,
      "bgColor": 16777215,
      "classSelector": ".icon",
      "name": "icomoon",
      "height": 32,
      "columns": 16,
      "margin": 16,
      "sprite": false
    },
    "historySize": 50,
    "showCodes": true,
    "gridSize": 16
  }
}